First.name,Last.name,Email
Issac,Stroman,e@yjlgriatnm.mcu
Jimmy,Gottlieb,mlxkdc@ewfxh.dxn
Jerald,Bergnaum,lruv@wjgnrkxm.scq
Kyle,Lynch,xmlb@vp.egz
Shanon,Schaden,p@vesykqxuw.zdi
Dylan,Conn,umler@p.mjt
Sol,Bednar,wztdjcrie@zncurtxwly.nta
Lemuel,Rowe,osrd@jumvtk.goh
Maranda,Mitchell,vbfyu@ajbkfrv.nws
Gino,Feil,jfb@ytbaom.clo
Forest,Bruen,h@csryihtoa.bcs
Crystal,Schumm,pleqrcifgx@mtupdxqjs.fro
Dena,Denesik,nkhfep@sl.yiv
Chun,Schiller,lxmsydw@scp.xca
Dann,Blanda,kpf@ifadp.byq
Jonathan,Kirlin,e@tvumz.icm
Morgan,Emard,l@uticnbdsv.yrz
Arnold,Schulist,xygmjqpw@pczqveayfh.pib
Dudley,Becker,aqkwxg@jfgklcvya.ril
Cathern,Gleichner,qgelfstai@xz.mfs
Fredda,Kutch,jtmakux@ivdqnauc.eoq
Quiana,Johnston,c@tqksogayh.ydr
Darnell,Rogahn,rf@ktqusi.pgz
Clarence,Stark,xhlamfr@yo.coq
Oswaldo,Crist,vrtjpmlq@viznemgbfo.cjg
Santo,Glover,mbwdpfv@jko.rcp
Janae,Sanford,fjzdsyvrk@ilenwfh.crd
Stan,Nader,gcuvzpxqyf@xoudwkygs.fyw
Emmitt,Kuhlman,u@aosiuvfw.tmx
Rosalind,Lockman,jtn@mhpibgz.qdz
Jay,Bartoletti,omtavlibsy@pthoigqb.oxm
Branden,Oberbrunner,uimkgzh@cf.ajy
Andre,Gaylord,wsr@vtgwix.tki
Steven,Paucek,ydxqbwprk@bcaezkwy.qnp
Carmel,Osinski,khnjxiodtz@bdwniqgfel.wvo
Socorro,Upton,atvm@jsmztyqxc.fls
Berry,Hintz,fogpby@tkmncujzhw.pbf
Carrol,Block,atxglwqk@wayxbkm.kto
Raleigh,Bosco,utwrn@uns.xhi
Daniel,Bauch,spxio@ofcbakerz.bcr
Lesley,Bradtke,lawk@tnyjak.ndm
Daniel,Rodriguez,tlqhzneaid@sok.yke
Dominick,Daugherty,gfibvetl@azwme.ust
Jed,Carroll,yjopa@ks.bcg
Belia,Prosacco,pruy@fqlc.yac
Myron,Abernathy,etwpmayhf@gths.qcp
Levi,Denesik,qrhvua@chf.epr
Sheryl,Witting,hy@dmux.gin
Brad,Carroll,opae@tapbw.ngl
Maryjane,Davis,opbihw@mfkyopsdbe.rds
Elvie,Osinski,cgwnyuvibl@zwauqmhny.fdr
Stephen,Prosacco,pdysa@rmt.phd
Annamaria,Miller,a@ypncohrve.qaj
Fredrick,Maggio,dmogqlhxew@vjpmcr.jsx
Ernie,Koelpin,qks@pth.gmw
Elias,Smith,kopa@txfmwzjan.apl
Cody,Ullrich,jvhdaukf@jmqaoixw.vdm
Laurette,Berge,uiwplxy@w.qes
Chance,Boehm,fyt@zgqmxy.jht
Luis,Hansen,w@ryl.ifv
Yuki,Haag,gkesapfnw@nmsqph.acz
Denis,Ernser,pizcfa@tfcozmrks.cxi
Barb,Heidenreich,lyphczqs@wiuortbec.azr
Yelena,Gleason,pciwzsrv@ayjdmcr.big
Cyrus,Dibbert,vigcjklz@mnydfo.uvl
Chung,Spencer,yml@qxnro.vrn
Malik,Keeling,dahefw@wtnyqsc.rxy
Samatha,Rolfson,qpsza@gjbtue.mbc
Hai,Bruen,hsgamblkrf@v.oyj
Wesley,Toy,f@rmbxcjg.boy
Lamar,Hoppe,rt@pkve.xco
Lorenzo,Stark,emsvtnfoip@maysczd.tdr
Cleo,Bogisich,bilmqagpf@bqa.mdz
Elizbeth,Schultz,oyrjx@litaej.rbk
Elwood,Collier,acil@pcwol.bng
Roselyn,Willms,osqha@ywkhcpteo.kfn
Tu,Schulist,uh@vzxydbwft.fgp
Louann,Daugherty,ysbtk@z.utv
Lucien,Rice,gvcyrqs@mrhfi.xbc
Carolyn,Wolf,pqeschxib@indmcj.coq
Sherwood,Bruen,osx@rzb.kzq
Jutta,Romaguera,chaluf@skuo.vqo
Sam,Bayer,wi@sgoua.qub
Princess,Wisozk,u@semh.rze
Stacy,Zieme,vzk@qim.yxj
Archie,Runolfsdottir,pbkqtoz@kuclyn.ium
Hallie,Schowalter,wujxldg@y.bmj
Leland,Cassin,sp@b.nhz
Marvella,Hauck,nhldewyjgf@lqgwoirv.qfm
Ludie,Stoltenberg,zuqkojv@ex.icd
Edmond,Zboncak,c@eyn.jwr
Cristobal,Kerluke,x@rh.tcu
Stacey,Stokes,kpuqidl@hjn.gel
Kellye,Hintz,bndarkgzeo@hwpgkzs.pal
Chung,Towne,db@yo.ixz
Annelle,Prosacco,pfnqze@gmjse.ibz
Annette,Rolfson,wvo@lzoyghpw.ogk
Lynsey,Mayert,xdhin@xsael.gva
Mellissa,Kassulke,urpk@im.pdr
Jayne,Funk,d@ycora.svu
Melissa,Pacocha,r@qilcn.gsm
Archie,Cormier,xs@whipmgfqxz.vkd
Clifton,Swift,jhcptw@jgods.fhm
Herbert,Haley,ftgu@cnquibms.hns
Brandon,Daugherty,favbtijs@qy.fhc
Marceline,Trantow,goxesuba@pmcxvre.csd
Hee,Donnelly,lvp@v.nco
Angelo,Jakubowski,ufvwbge@kfecmuxqbi.bqr
Quinn,Anderson,ewo@yxvdfeo.hbf
Corinne,Keeling,igseun@auqosgxbfp.rkq
Sophia,Hermann,nawmjsrp@re.yle
Armando,Hirthe,cs@qzcfb.mzg
Halina,Erdman,cvnugxe@d.pev
Joella,Bergstrom,gefnqmdl@qndpomsz.pkt
Jon,Bashirian,kujqgdmt@i.qmj
Evalyn,Runte,voqxucezgj@gxshtpu.upt
Terry,Konopelski,xuh@xvhjoyuwp.akq
Una,Johnston,lbgwe@zaidtpsv.chk
Theron,Terry,qghwn@x.nqc
Erasmo,Heathcote,edgrlkmco@kobc.eam
Major,Williamson,rqscioxael@qzmubfscr.zts
Waneta,Schumm,qg@vulzhmwsbj.ipk
Lanell,Sanford,nhouytivx@gdmazsxo.bqy
Caren,Green,hcpwmb@ku.fap
Numbers,Torp,ubepymfx@zbek.kog
Cheryle,Donnelly,r@x.qry
Raye,Robel,esurjmplcg@pjt.jgn
Willie,Christiansen,r@coqhgyjn.tou
Geneva,Green,awmjnfpl@iramzqghx.lmd
Zonia,Bins,loifvu@nzqbco.hmr
Marc,Cole,oclmehgy@dnw.uey
Mitch,Feeney,vaxhks@ld.adf
Felton,Christiansen,oqckjvbpf@vwpik.vmu
Donny,Pollich,xi@mxltbv.uvi
Bennie,Murphy,o@rzxhtbvfiq.mas
Hank,Larson,gh@vliwxor.rqa
Kory,Koelpin,lvkorngjq@wf.mbz
Theo,Conroy,ksxau@csjvtren.nwl
Zoraida,Cummings,k@qvk.nmv
Maxwell,West,yhmsnejz@sjrgi.idk
Lawrence,Torp,uitkdqobe@h.pbx
Tameika,Schimmel,pjzhnw@fx.fsl
Alphonso,Mayer,qtjpinal@iwqz.vad
Moshe,Kiehn,pexautksm@ikuqywlof.itv
Luther,Ortiz,lu@lkjnbyov.nyu
Raymond,Braun,heu@jkdp.wuz
Bertram,Davis,xkyg@wj.lfp
Lester,Hoppe,ykbfrq@rcbafnxtsv.fir
Warren,Stracke,lqyvfgbthe@duehxyzpl.rbz
Keneth,Blick,g@vumz.jhl
Aurelio,Heaney,f@ucxm.izq
Earlean,Hermann,npawu@eilg.eqx
Coy,Murray,wszhaelxqo@qsrbyncaxw.fbc
Maximo,Schowalter,wjkcelp@tix.nrp
Clark,Haag,awuqfsi@oynmz.wmn
Annetta,Watsica,xldgfi@hzaxugt.won
Tanner,Mertz,e@ntrumvgswh.ufx
Tyron,Sawayn,jeslbghdy@tfvjskzwch.hwx
Phil,Durgan,tpo@iwacxn.wlc
Orval,Vandervort,nqxvsceuaw@o.uea
Rusty,Rowe,iu@jkgxbszenu.zoj
Hyo,Shanahan,hnvto@qiduew.yxp
Everett,Funk,cldhzjqbr@tqosexp.pwu
Rolf,Fisher,jszrpdatil@u.sdp
Wilton,Waters,gw@nx.zwa
Song,Cruickshank,uxf@nxohqjlgr.zbk
Nicky,Hagenes,dyzso@qur.njq
Alva,Smitham,tslxz@tvzndauhmq.lvi
Gilbert,Mertz,j@dungzbkqx.zqk
Oscar,Franecki,x@jeugado.sup
Wade,Schaden,ihcreqsakj@wsjxi.szr
Mary,Lebsack,n@psexgmb.vxj
Felisha,Kling,qahe@d.pyr
Nohemi,Borer,qxoiaby@jey.mjc
Jestine,Wiegand,xbtnjmyk@kjom.eqf
Joey,Gutmann,dtjbyn@fdkgwjr.rcg
Lonna,Feil,kyjgsvboq@chempglvwi.vey
Ruben,Russel,jqc@vypohwbgul.euv
Abdul,Price,qaibkjr@o.ojv
Lynda,Pfeffer,t@o.qit
Lupita,Kunze,extyjswqn@nuysjbqam.bzm
Alpha,Jenkins,nf@loksdymuha.qem
Hilton,Haag,htlpvqjzri@ckrbjudxe.hqo
Leah,Purdy,bluetfmdgv@cxbpahr.hlm
Cyril,Deckow,bqsxpgj@v.plt
Fabian,Hayes,loyadrnz@uqwmbvzpj.rgb
Willard,Roberts,mnzfdwu@hdacokq.yoj
Julius,Hirthe,rqjai@kspvtuqe.jbs
Rupert,Jacobi,gjo@lyuds.tqn
Galina,Eichmann,qmnsolardy@icqtfxjy.dtv
Katia,Hammes,mah@gazncvspd.fob
Allene,Klein,vuckjtqsw@idofhre.cug
Trish,Smitham,ilpvsujnf@jxglopkv.iew
Jessia,Krajcik,vqwxfo@jcrkhpfsy.lcj
Jayson,Cole,xtjie@bwoxgdfps.gnh
Jospeh,Purdy,jrxfivt@lnupmcf.tei
Lue,Krajcik,zlgbdakr@epjhdwfu.blh
Otha,Bode,n@dtljqem.xdh
Pedro,Graham,mykzbjq@lra.sdp
Cris,Moen,ptb@jlvgihfeto.efv
Jon,Kunze,soa@ugeklyp.vzk
Torie,Armstrong,bqsd@yqhecpxvkz.hzi
Danille,Streich,mfqy@y.jxl
Spring,Reynolds,fywigatrse@zdnuphqsai.dog
Anton,Mante,vixr@pfjunetqh.aug
Jason,Yost,n@xg.btx
Takisha,Donnelly,ev@pdm.sjw
Stuart,Beer,oj@axinvgcrlt.yms
Angella,Stroman,cavntg@nktvldqp.vxe
Clifton,Lehner,hcaxs@xfntahbmjy.baw
Cleta,Lakin,o@qhy.zqv
Rosario,Hand,io@rzcqlpjmun.uzi
Tyron,Stoltenberg,qrbedaj@syiqfgnb.qkn
Marcel,Kris,wc@xnu.gwr
Bella,Ledner,zljvnhbu@gu.knt
Kristina,Waters,tn@ymxq.ohz
Tim,Harvey,esibarnqvf@u.zug
Bradly,Hudson,wr@sdac.gfv
Micheal,Rippin,kwa@phewndovts.nqg
Tyler,Schamberger,lwfjspmqgv@dg.eyx
Dusty,Senger,n@ebqinykrmt.rge
Ruben,Strosin,fhu@tudrxa.nox
Vincenza,Leffler,raquhkoien@rgfyinq.vyu
Saul,Harris,zcxyeds@zrwxqdbuts.lrh
Carter,Pouros,vizf@krdjgz.ahd
Sam,Konopelski,i@zy.jer
Rosalba,Nienow,iwuptk@utrscegm.jna
Ellamae,McLaughlin,z@l.bvy
Janell,Satterfield,bokueg@bmxiuf.awb
Chiquita,Schultz,e@fvtqz.mhj
Kendall,Grimes,kdc@zwcfyqnt.ebd
Jasper,Sipes,trqhdwp@iqgnatcdu.ydq
Denny,Vandervort,wfoixeac@lgzv.puj
Lynne,Windler,numvjhwob@hpjocugyk.qsf
Randi,Collins,euqv@ngirmhqp.htx
Carlton,Mills,ry@fgaq.qtv
Johnie,Effertz,iahnryl@kqsm.vif
Caterina,O'Reilly,dqlb@acye.fpe
Lachelle,Kunze,fmbyj@hebqidlrt.ntl
Leonel,Prohaska,ufzvtksj@rjcytu.tdr
Sherrie,Monahan,x@exzuyaf.wdu
Loralee,Connelly,bvklfcs@zcxvsuho.vro
Jolyn,Hoeger,fi@u.fwb
Marlin,Cole,ciyfbpwlmx@itgoushckd.dcj
Mack,Collins,bixfscpyqa@jphwezmxr.rpa
Fe,Boehm,oqev@eqpcwrkmvb.dhn
Lucas,Stiedemann,nib@zsenwyi.yxs
Jesse,Padberg,wvjz@nbd.cif
Layla,Gerlach,z@exvio.rgy
Glayds,Gleason,zubd@ophklza.wsk
Concetta,Collins,asxwbltpdv@zfrt.bms
Jose,Ryan,iwauh@roe.uhf
Farrah,Bauch,u@hqlenzcfdu.tqx
Monte,Schmitt,ca@qy.pfj
Milton,Rath,dkh@bfxvjeocay.pad
Keitha,Borer,kbwvjgtel@lsczuf.dfq
Harlan,Herman,x@o.iqc
Louisa,Bartell,zxofhwpig@ctjboq.kia
Shawnee,Oberbrunner,pynh@gks.hup
Rolland,Koss,lvks@oqb.kie
Myron,Howell,qug@fetkgvbl.iuv
Berna,McKenzie,sj@gjrdqobchf.gne
Kevin,Nikolaus,mfy@xkzfo.ocu
Emmanuel,O'Conner,frhtcpnoj@mypg.xlv
Libby,Hilll,hg@p.tlc
Franklin,Jenkins,q@tcexavgl.wcl
Suellen,Hudson,aodxcg@z.uxg
Cory,Ryan,dqwtobfvi@jkzbq.xqu
Tiffany,Dach,bjsnuyivfg@rohjeczpw.dvh
Chet,Shanahan,umyj@pw.fwd
Jonathon,Nicolas,ntgj@rnsxcwivuz.iro
Terrance,Zieme,nmzfhbc@hlzbtoyqxi.wtj
Tova,Feest,gnmjl@oh.ytn
Madison,Hudson,qyvpzw@pfrd.udk
Yanira,Ruecker,gtjzed@t.frb
Felipe,Jacobs,hqb@iucf.soe
Marni,Corkery,ipdnfcszyx@sot.cxz
Jamaal,Hahn,k@lfarvy.spk
Leah,Sauer,niyaltegk@qzmec.nri
